brand,model,year,price
Chery,Tiggo 4,2021,1 029 900 ₽
Chery,Tiggo 4,2021,1 069 900 ₽
Chery,Tiggo 4,2021,1 159 900 ₽
Chery,Tiggo 4,2021,1 269 900 ₽
Chery,Tiggo 4,2021,1 349 900 ₽
Chery,Tiggo 7 Pro,2020,1 339 900 ₽
Chery,Tiggo 7 Pro,2021,1 519 900 ₽
Chery,Tiggo 7 Pro,2021,1 609 900 ₽
Chery,Tiggo 7 Pro,2021,1 629 900 ₽
Chery,Tiggo 8,2021,1 579 900 ₽
Chery,Tiggo 8 Pro,2021,1 699 900 ₽
Chery,Tiggo 8 Pro,2021,1 949 900 ₽
Chery,Tiggo 8 Pro,2021,2 099 900 ₽
Cheryexeed,TXL,2021,2 049 900 ₽
Cheryexeed,TXL,2021,2 249 900 ₽
Citroen,Berlingo,2021,1 252 000 ₽
Citroen,Berlingo Multispace,2021,1 151 000 ₽
Citroen,Berlingo Multispace,2021,1 191 000 ₽
Citroen,Berlingo Multispace,2021,1 229 000 ₽
Citroen,Berlingo Multispace,2021,1 287 000 ₽
Citroen,Berlingo Multispace,2021,1 355 000 ₽
Citroen,C3 Aircross,2020,1 564 000 ₽
Citroen,C3 Aircross,2020,1 597 000 ₽
Citroen,C3 Aircross,2021,1 727 000 ₽
Citroen,C3 Aircross,2021,1 745 000 ₽
Citroen,C3 Aircross,2021,1 762 000 ₽
Citroen,C3 Aircross,2021,1 857 000 ₽
Citroen,C3 Aircross,2021,2 036 000 ₽
Citroen,C4,2021,1 262 000 ₽
Citroen,C4,2021,1 287 000 ₽
Citroen,C4,2021,1 344 000 ₽
Citroen,C4,2021,1 369 000 ₽
Citroen,C4,2021,1 416 000 ₽
Citroen,C4,2021,1 434 000 ₽
Citroen,C4,2021,1 489 000 ₽
Citroen,C4,2021,1 496 000 ₽
Citroen,C4,2021,1 498 000 ₽
Citroen,C5 Aircross,2020,2 514 000 ₽
Citroen,C5 Aircross,2021,2 407 000 ₽
Citroen,C5 Aircross,2021,2 429 000 ₽
Citroen,C5 Aircross,2021,2 444 000 ₽
Citroen,C5 Aircross,2021,2 524 000 ₽
Citroen,C5 Aircross,2021,2 628 000 ₽
Citroen,C5 Aircross,2021,2 749 000 ₽
Citroen,C5 Aircross,2021,2 934 000 ₽
Citroen,C5 Aircross,2021,2 952 000 ₽
Citroen,C5 Aircross,2021,2 973 000 ₽
Citroen,C5 Aircross,2021,3 011 000 ₽
Citroen,Jumper Изотермический шасси,2021,2 728 700 ₽
Citroen,Jumper Изотермический шасси,2021,2 743 600 ₽
Citroen,Jumper Промтоварный фургон,2021,2 681 300 ₽
Citroen,Jumper фургон,2020,2 116 900 ₽
Citroen,Jumper фургон,2020,2 118 400 ₽
Citroen,Jumper фургон,2021,2 291 900 ₽
Citroen,Jumper фургон,2021,2 301 900 ₽
Citroen,Jumper фургон,2021,2 308 900 ₽
Citroen,Jumper фургон,2021,2 309 400 ₽
Citroen,Jumper фургон,2021,2 313 800 ₽
Citroen,Jumper фургон,2021,2 341 900 ₽
Citroen,Jumper фургон,2021,2 346 800 ₽
Citroen,Jumper фургон,2021,2 351 900 ₽
Citroen,Jumper фургон,2021,2 353 800 ₽
Citroen,Jumper фургон,2021,2 358 900 ₽
Citroen,Jumper фургон,2021,2 359 400 ₽
Citroen,Jumper фургон,2021,2 363 800 ₽
Citroen,Jumper фургон,2021,2 368 900 ₽
Citroen,Jumpy,2021,1 646 900 ₽
Citroen,Jumpy,2021,1 699 900 ₽
Citroen,Jumpy,2021,1 706 900 ₽
Citroen,Jumpy,2021,1 836 900 ₽
Citroen,Jumpy,2021,1 856 900 ₽
Citroen,Jumpy,2021,1 926 900 ₽
Citroen,Jumpy,2021,1 956 900 ₽
Citroen,Jumpy,2021,1 986 900 ₽
Citroen,Jumpy Profi,2020,2 624 900 ₽
Citroen,Jumpy Profi,2021,2 724 900 ₽
Citroen,SpaceTourer,2021,2 319 900 ₽
Citroen,SpaceTourer,2021,2 429 900 ₽
Citroen,SpaceTourer,2021,2 469 900 ₽
Citroen,SpaceTourer,2021,2 479 900 ₽
Citroen,SpaceTourer,2021,2 519 900 ₽
Citroen,SpaceTourer,2021,2 789 900 ₽
Citroen,SpaceTourer,2021,3 119 900 ₽
Citroen,SpaceTourer,2021,3 159 900 ₽
Hyundai,Creta,2021,1 267 000 ₽
Hyundai,Creta,2021,1 277 000 ₽
Hyundai,Creta,2021,1 285 000 ₽
Hyundai,Creta,2021,1 292 000 ₽
Hyundai,Creta,2021,1 302 000 ₽
Hyundai,Creta,2021,1 312 000 ₽
Hyundai,Creta,2021,1 342 000 ₽
Hyundai,Creta,2021,1 412 000 ₽
Hyundai,Creta,2021,1 442 000 ₽
Hyundai,Creta,2021,1 452 000 ₽
Hyundai,Creta NEW,2021,1 165 000 ₽
Hyundai,Elantra,2021,1 364 000 ₽
Hyundai,Elantra,2021,1 394 000 ₽
Hyundai,Elantra,2021,1 409 000 ₽
Hyundai,Elantra,2021,1 439 000 ₽
Hyundai,Elantra,2021,1 655 000 ₽
Hyundai,H-1,2021,2 549 000 ₽
Hyundai,H-1,2021,2 649 000 ₽
Hyundai,H-1,2021,2 709 000 ₽
Hyundai,Palisade,2021,3 404 000 ₽
Hyundai,Palisade,2021,3 434 000 ₽
Hyundai,Palisade,2021,3 494 000 ₽
Hyundai,Palisade,2021,3 524 000 ₽
Hyundai,Palisade,2021,3 654 000 ₽
Hyundai,Palisade,2021,3 934 000 ₽
Hyundai,Palisade,2021,4 014 000 ₽
Hyundai,Santa Fe,2021,2 632 000 ₽
Hyundai,Santa Fe,2021,2 664 000 ₽
Hyundai,Santa Fe,2021,2 682 000 ₽
Hyundai,Santa Fe,2021,2 714 000 ₽
Hyundai,Santa Fe,2021,2 732 000 ₽
Hyundai,Santa Fe,2021,2 784 000 ₽
Hyundai,Santa Fe,2021,2 802 000 ₽
Hyundai,Santa Fe,2021,2 892 000 ₽
Hyundai,Santa Fe,2021,3 002 000 ₽
Hyundai,Santa Fe,2021,3 052 000 ₽
Hyundai,Santa Fe,2021,3 124 000 ₽
Hyundai,Santa Fe,2021,3 142 000 ₽
Hyundai,Solaris NEW,-,1 227 000 ₽
Hyundai,Solaris NEW,2020,1 221 000 ₽
Hyundai,Solaris NEW,2021,1 001 000 ₽
Hyundai,Solaris NEW,2021,1 011 000 ₽
Hyundai,Solaris NEW,2021,1 026 000 ₽
Hyundai,Solaris NEW,2021,1 044 000 ₽
Hyundai,Solaris NEW,2021,1 054 000 ₽
Hyundai,Solaris NEW,2021,1 081 000 ₽
Hyundai,Solaris NEW,2021,1 114 000 ₽
Hyundai,Solaris NEW,2021,1 124 000 ₽
Hyundai,Solaris NEW,2021,1 134 000 ₽
Hyundai,Solaris NEW,2021,1 146 000 ₽
Hyundai,Solaris NEW,2021,831 000 ₽
Hyundai,Solaris NEW,2021,871 000 ₽
Hyundai,Solaris NEW,2021,881 000 ₽
Hyundai,Solaris NEW,2021,886 000 ₽
Hyundai,Solaris NEW,2021,901 000 ₽
Hyundai,Solaris NEW,2021,911 000 ₽
Hyundai,Solaris NEW,2021,916 000 ₽
Hyundai,Solaris NEW,2021,921 000 ₽
Hyundai,Solaris NEW,2021,926 000 ₽
Hyundai,Solaris NEW,2021,936 000 ₽
Hyundai,Solaris NEW,2021,946 000 ₽
Hyundai,Solaris NEW,2021,956 000 ₽
Hyundai,Solaris NEW,2021,961 000 ₽
Hyundai,Solaris NEW,2021,971 000 ₽
Hyundai,Solaris NEW,2021,991 000 ₽
Hyundai,Sonata,2021,1 609 000 ₽
Hyundai,Sonata,2021,1 629 000 ₽
Hyundai,Sonata,2021,1 647 000 ₽
Hyundai,Sonata,2021,1 739 000 ₽
Hyundai,Sonata,2021,1 757 000 ₽
Hyundai,Sonata,2021,1 857 000 ₽
Hyundai,Sonata,2021,1 877 000 ₽
Hyundai,Sonata,2021,1 977 000 ₽
Hyundai,Tucson NEW,2021,1 792 000 ₽
Hyundai,Tucson NEW,2021,1 882 000 ₽
Hyundai,Tucson NEW,2021,1 982 000 ₽
Hyundai,Tucson NEW,2021,2 032 000 ₽
Hyundai,Tucson NEW,2021,2 129 000 ₽
Hyundai,Tucson NEW,2021,2 132 000 ₽
Hyundai,Tucson NEW,2021,2 147 000 ₽
Hyundai,Tucson NEW,2021,2 229 000 ₽
Hyundai,Tucson NEW,2021,2 247 000 ₽
Hyundai,Tucson NEW,2021,2 264 000 ₽
Hyundai,Tucson NEW,2021,2 282 000 ₽
Hyundai,Tucson NEW,2021,2 364 000 ₽
Hyundai,Tucson NEW,2021,2 379 000 ₽
Hyundai,Tucson NEW,2021,2 382 000 ₽
Hyundai,Tucson NEW,2021,2 397 000 ₽
Hyundai,Tucson NEW,2021,2 459 000 ₽
Hyundai,Tucson NEW,2021,2 477 000 ₽
Hyundai,Tucson NEW,2021,2 497 000 ₽
Hyundai,Tucson NEW,2021,2 532 000 ₽
Hyundai,Tucson NEW,2021,2 632 000 ₽
Hyundai,Tucson NEW,2021,2 647 000 ₽
Jeep,Grand Cherokee,2021,4 235 000 ₽
Jeep,Grand Cherokee,2021,4 265 000 ₽
Jeep,Grand Cherokee,2021,4 305 000 ₽
Jeep,Grand Cherokee,2021,4 310 000 ₽
Jeep,Grand Cherokee,2021,4 395 000 ₽
Jeep,Grand Cherokee,2021,4 450 000 ₽
Jeep,Grand Cherokee,2021,4 485 000 ₽
Jeep,Grand Cherokee,2021,4 495 000 ₽
Jeep,Grand Cherokee,2021,4 555 000 ₽
Jeep,Grand Cherokee,2021,4 600 000 ₽
Jeep,Grand Cherokee,2021,4 685 000 ₽
Jeep,Grand Cherokee,2021,4 915 000 ₽
Jeep,Grand Cherokee,2021,5 015 000 ₽
Jeep,Grand Cherokee,2021,5 165 000 ₽
Jeep,Renegade,2019,2 074 000 ₽
Jeep,Wrangler Unlimited,2021,4 750 000 ₽
Jeep,Wrangler Unlimited,2021,4 775 000 ₽
Jeep,Wrangler Unlimited,2021,5 443 000 ₽
Jeep,Wrangler Unlimited,2021,5 475 000 ₽
Jeep,Wrangler Unlimited,2021,5 493 000 ₽
Jeep,Wrangler Unlimited,2021,5 910 000 ₽
Kia,Carnival,2021,3 094 900 ₽
Kia,Carnival,2021,3 259 900 ₽
Kia,Carnival,2021,3 349 900 ₽
Kia,Carnival,2021,3 539 900 ₽
Kia,Carnival,2021,3 629 900 ₽
Kia,Carnival,2021,3 689 900 ₽
Kia,Ceed,2021,1 484 900 ₽
Kia,Ceed,2021,1 619 900 ₽
Kia,Ceed,2021,1 739 900 ₽
Kia,Ceed,2021,1 809 900 ₽
Kia,Ceed SW,2021,1 524 900 ₽
Kia,Ceed SW,2021,1 574 900 ₽
Kia,Ceed SW,2021,1 584 900 ₽
Kia,Ceed SW,2021,1 659 900 ₽
Kia,Ceed SW,2021,1 669 900 ₽
Kia,Ceed SW,2021,1 809 900 ₽
Kia,Cerato,2021,1 330 900 ₽
Kia,Cerato,2021,1 385 900 ₽
Kia,Cerato,2021,1 400 900 ₽
Kia,Cerato,2021,1 427 900 ₽
Kia,Cerato,2021,1 455 900 ₽
Kia,Cerato,2021,1 460 900 ₽
Kia,Cerato,2021,1 515 900 ₽
Kia,Cerato,2021,1 580 900 ₽
Kia,Cerato,2021,1 590 900 ₽
Kia,Cerato,2021,1 650 900 ₽
Kia,K5,2020,2 022 900 ₽
Kia,K5,2021,1 617 900 ₽
Kia,K5,2021,1 737 900 ₽
Kia,K5,2021,1 752 900 ₽
Kia,K5,2021,1 837 900 ₽
Kia,K5,2021,1 852 900 ₽
Kia,K5,2021,1 927 900 ₽
Kia,K5,2021,1 942 900 ₽
Kia,K5,2021,1 977 900 ₽
Kia,K5,2021,1 992 900 ₽
Kia,K5,2021,2 027 900 ₽
Kia,K5,2021,2 042 900 ₽
Kia,K5,2021,2 132 900 ₽
Kia,K5,2021,2 167 900 ₽
Kia,K5,2021,2 182 900 ₽
Kia,K5,2021,2 334 900 ₽
Kia,K5,2021,2 379 900 ₽
Kia,K5,2021,2 394 900 ₽
Kia,K5,2021,2 469 900 ₽
Kia,K5,2021,2 484 900 ₽
Kia,K900,2021,5 144 900 ₽
Kia,Mohave,2021,3 699 900 ₽
Kia,Mohave,2021,3 809 900 ₽
Kia,Mohave,2021,4 009 900 ₽
Kia,Mohave,2021,4 159 900 ₽
Kia,Picanto,2021,1 000 900 ₽
Kia,Picanto,2021,1 074 900 ₽
Kia,Picanto,2021,1 080 900 ₽
Kia,Picanto,2021,1 114 900 ₽
Kia,Picanto,2021,1 120 900 ₽
Kia,Picanto,2021,1 174 900 ₽
Kia,Picanto,2021,1 180 900 ₽
Kia,Picanto,2021,924 900 ₽
Kia,Picanto,2021,985 900 ₽
Kia,Picanto,2021,994 900 ₽
Kia,Rio NEW,2021,1 009 900 ₽
Kia,Rio NEW,2021,1 015 900 ₽
Kia,Rio NEW,2021,1 034 900 ₽
Kia,Rio NEW,2021,1 035 900 ₽
Kia,Rio NEW,2021,1 040 900 ₽
Kia,Rio NEW,2021,1 069 900 ₽
Kia,Rio NEW,2021,1 075 900 ₽
Kia,Rio NEW,2021,1 124 900 ₽
Kia,Rio NEW,2021,1 130 900 ₽
Kia,Rio NEW,2021,1 174 900 ₽
Kia,Rio NEW,2021,1 180 900 ₽
Kia,Rio NEW,2021,1 220 900 ₽
Kia,Rio NEW,2021,1 264 900 ₽
Kia,Rio NEW,2021,1 270 900 ₽
Kia,Rio NEW,2021,909 900 ₽
Kia,Rio NEW,2021,994 900 ₽
Kia,Rio X,2021,1 054 900 ₽
Kia,Rio X,2021,1 060 900 ₽
Kia,Rio X,2021,1 075 900 ₽
Kia,Rio X,2021,1 094 900 ₽
Kia,Rio X,2021,1 100 900 ₽
Kia,Rio X,2021,1 129 900 ₽
Kia,Rio X,2021,1 135 900 ₽
Kia,Rio X,2021,1 184 900 ₽
Kia,Rio X,2021,1 190 900 ₽
Kia,Rio X,2021,1 234 900 ₽
Kia,Rio X,2021,1 240 900 ₽
Kia,Rio X,2021,1 324 900 ₽
Kia,Rio X,2021,1 330 900 ₽
Kia,Seltos,2021,1 316 900 ₽
Kia,Seltos,2021,1 336 900 ₽
Kia,Seltos,2021,1 386 900 ₽
Kia,Seltos,2021,1 491 900 ₽
Kia,Seltos,2021,1 501 900 ₽
Kia,Seltos,2021,1 531 900 ₽
Kia,Seltos,2021,1 541 900 ₽
Kia,Seltos,2021,1 581 900 ₽
Kia,Seltos,2021,1 593 900 ₽
Kia,Seltos,2021,1 621 900 ₽
Kia,Seltos,2021,1 661 900 ₽
Kia,Seltos,2021,1 671 900 ₽
Kia,Seltos,2021,1 673 900 ₽
Kia,Seltos,2021,1 701 900 ₽
Kia,Seltos,2021,1 711 900 ₽
Kia,Seltos,2021,1 751 900 ₽
Kia,Seltos,2021,1 791 900 ₽
Kia,Seltos,2021,1 951 900 ₽
Kia,Seltos,2021,1 991 900 ₽
Kia,Sorento NEW,2021,2 342 900 ₽
Kia,Sorento NEW,2021,2 487 900 ₽
Kia,Sorento NEW,2021,2 502 900 ₽
Kia,Sorento NEW,2021,2 617 900 ₽
Kia,Sorento NEW,2021,2 632 900 ₽
Kia,Sorento NEW,2021,2 827 900 ₽
Kia,Sorento NEW,2021,2 842 900 ₽
Kia,Sorento NEW,2021,3 022 900 ₽
Kia,Sorento NEW,2021,3 027 900 ₽
Kia,Sorento NEW,2021,3 042 900 ₽
Kia,Sorento NEW,2021,3 077 900 ₽
Kia,Sorento NEW,2021,3 222 900 ₽
Kia,Sorento NEW,2021,3 277 900 ₽
Kia,Sorento NEW,2021,3 292 900 ₽
Kia,Sorento NEW,2021,3 427 900 ₽
Kia,Sorento NEW,2021,3 442 900 ₽
Kia,Soul,2021,1 229 900 ₽
Kia,Soul,2021,1 279 900 ₽
Kia,Soul,2021,1 354 900 ₽
Kia,Soul,2021,1 364 900 ₽
Kia,Soul,2021,1 399 900 ₽
Kia,Soul,2021,1 409 900 ₽
Kia,Soul,2021,1 414 900 ₽
Kia,Soul,2021,1 424 900 ₽
Kia,Soul,2021,1 434 900 ₽
Kia,Soul,2021,1 469 900 ₽
Kia,Soul,2021,1 494 900 ₽
Kia,Soul,2021,1 504 900 ₽
Kia,Soul,2021,1 514 900 ₽
Kia,Soul,2021,1 554 900 ₽
Kia,Soul,2021,1 574 900 ₽
Kia,Soul,2021,1 614 900 ₽
Kia,Soul,2021,1 634 900 ₽
Kia,Soul,2021,1 729 900 ₽
Kia,Soul,2021,1 799 900 ₽
Kia,Soul,2021,1 809 900 ₽
Kia,Sportage,2021,1 692 900 ₽
Kia,Sportage,2021,1 737 900 ₽
Kia,Sportage,2021,1 777 900 ₽
Kia,Sportage,2021,1 817 900 ₽
Kia,Sportage,2021,1 827 900 ₽
Kia,Sportage,2021,1 857 900 ₽
Kia,Sportage,2021,1 867 900 ₽
Kia,Sportage,2021,1 882 900 ₽
Kia,Sportage,2021,1 892 900 ₽
Kia,Sportage,2021,1 907 900 ₽
Kia,Sportage,2021,1 962 900 ₽
Kia,Sportage,2021,1 972 900 ₽
Kia,Sportage,2021,2 062 900 ₽
Kia,Sportage,2021,2 072 900 ₽
Kia,Sportage,2021,2 097 900 ₽
Kia,Sportage,2021,2 197 900 ₽
Kia,Sportage,2021,2 332 900 ₽
Kia,Sportage,2021,2 442 900 ₽
Kia,XCeed,2021,1 934 900 ₽
Kia,XCeed,2021,2 194 900 ₽
Lada,Granta,2021,482 500 ₽
Lada,Granta,2021,491 500 ₽
Lada,Granta,2021,508 500 ₽
Lada,Granta,2021,517 500 ₽
Lada,Granta,2021,530 500 ₽
Lada,Granta,2021,539 500 ₽
Lada,Granta,2021,552 900 ₽
Lada,Granta,2021,555 500 ₽
Lada,Granta,2021,561 900 ₽
Lada,Granta,2021,564 500 ₽
Lada,Granta,2021,570 500 ₽
Lada,Granta,2021,574 800 ₽
Lada,Granta,2021,579 500 ₽
Lada,Granta,2021,599 800 ₽
Lada,Granta,2021,608 800 ₽
Lada,Granta,2021,618 800 ₽
Lada,Granta,2021,620 500 ₽
Lada,Granta,2021,620 800 ₽
Lada,Granta,2021,627 800 ₽
Lada,Granta,2021,629 500 ₽
Lada,Granta,2021,630 800 ₽
Lada,Granta,2021,639 800 ₽
Lada,Granta,2021,658 800 ₽
Lada,Granta,2021,664 800 ₽
Lada,Granta,2021,667 800 ₽
Lada,Granta,2021,673 800 ₽
Lada,Granta,2021,713 800 ₽
Lada,Granta Cross,2021,622 900 ₽
Lada,Granta Cross,2021,631 900 ₽
Lada,Granta Cross,2021,644 900 ₽
Lada,Granta Cross,2021,647 900 ₽
Lada,Granta Cross,2021,653 900 ₽
Lada,Granta Cross,2021,654 900 ₽
Lada,Granta Cross,2021,656 900 ₽
Lada,Granta Cross,2021,663 900 ₽
Lada,Granta Cross,2021,675 900 ₽
Lada,Granta Cross,2021,679 900 ₽
Lada,Granta Cross,2021,688 900 ₽
Lada,Granta Cross,2021,719 900 ₽
Lada,Granta Drive Active,2021,646 900 ₽
Lada,Granta Drive Active,2021,655 900 ₽
Lada,Granta лифтбек,2021,502 500 ₽
Lada,Granta лифтбек,2021,511 500 ₽
Lada,Granta лифтбек,2021,528 500 ₽
Lada,Granta лифтбек,2021,550 500 ₽
Lada,Granta лифтбек,2021,559 500 ₽
Lada,Granta лифтбек,2021,572 900 ₽
Lada,Granta лифтбек,2021,575 500 ₽
Lada,Granta лифтбек,2021,581 900 ₽
Lada,Granta лифтбек,2021,584 500 ₽
Lada,Granta лифтбек,2021,594 800 ₽
Lada,Granta лифтбек,2021,599 500 ₽
Lada,Granta лифтбек,2021,603 800 ₽
Lada,Granta лифтбек,2021,619 800 ₽
Lada,Granta лифтбек,2021,621 900 ₽
Lada,Granta лифтбек,2021,624 500 ₽
Lada,Granta лифтбек,2021,628 800 ₽
Lada,Granta лифтбек,2021,634 800 ₽
Lada,Granta лифтбек,2021,640 500 ₽
Lada,Granta лифтбек,2021,646 900 ₽
Lada,Granta лифтбек,2021,647 800 ₽
Lada,Granta лифтбек,2021,649 500 ₽
Lada,Granta лифтбек,2021,650 800 ₽
Lada,Granta лифтбек,2021,659 800 ₽
Lada,Granta лифтбек,2021,668 800 ₽
Lada,Granta лифтбек,2021,689 500 ₽
Lada,Granta лифтбек,2021,693 800 ₽
Lada,Granta лифтбек,2021,724 800 ₽
Lada,Granta лифтбек,2021,733 800 ₽
Lada,Granta универсал,2021,509 500 ₽
Lada,Granta универсал,2021,518 500 ₽
Lada,Granta универсал,2021,535 500 ₽
Lada,Granta универсал,2021,557 500 ₽
Lada,Granta универсал,2021,566 500 ₽
Lada,Granta универсал,2021,582 500 ₽
Lada,Granta универсал,2021,591 500 ₽
Lada,Granta универсал,2021,626 800 ₽
Lada,Granta универсал,2021,691 800 ₽
Lada,Granta универсал,2021,700 800 ₽
Lada,Granta хэтчбек,2021,465 900 ₽
Lada,Granta хэтчбек,2021,497 500 ₽
Lada,Largus Cross NEW,2021,835 900 ₽
Lada,Largus Cross NEW,2021,847 900 ₽
Lada,Largus Cross NEW,2021,856 900 ₽
Lada,Largus Cross NEW,2021,874 900 ₽
Lada,Largus Cross NEW,2021,903 900 ₽
Lada,Largus Cross NEW,2021,930 900 ₽
Lada,Largus Cross NEW,2021,933 900 ₽
Lada,Largus Cross NEW,2021,945 900 ₽
Lada,Largus Cross NEW,2021,960 900 ₽
Lada,Largus Cross NEW,2021,972 900 ₽
Lada,Largus универсал NEW,2021,696 900 ₽
Lada,Largus универсал NEW,2021,731 900 ₽
Lada,Largus универсал NEW,2021,743 900 ₽
Lada,Largus универсал NEW,2021,769 900 ₽
Lada,Largus универсал NEW,2021,780 900 ₽
Lada,Largus универсал NEW,2021,789 900 ₽
Lada,Largus универсал NEW,2021,792 900 ₽
Lada,Largus универсал NEW,2021,828 900 ₽
Lada,Largus универсал NEW,2021,837 900 ₽
Lada,Largus универсал NEW,2021,873 900 ₽
Lada,Largus универсал NEW,2021,876 900 ₽
Lada,Largus универсал NEW,2021,885 900 ₽
Lada,Largus универсал NEW,2021,920 900 ₽
Lada,Largus фургон NEW,2021,664 900 ₽
Lada,Largus фургон NEW,2021,676 900 ₽
Lada,Largus фургон NEW,2021,684 900 ₽
Lada,Largus фургон NEW,2021,719 900 ₽
Lada,Largus фургон NEW,2021,779 900 ₽
Lada,Largus фургон NEW,2021,791 900 ₽
Lada,Largus фургон NEW,2021,803 900 ₽
Lada,Largus фургон NEW,2021,811 900 ₽
Lada,Largus фургон NEW,2021,813 900 ₽
Lada,Largus фургон NEW,2021,823 900 ₽
Lada,Largus фургон NEW,2021,825 900 ₽
Lada,Largus фургон NEW,2021,833 900 ₽
Lada,Largus фургон NEW,2021,845 900 ₽
Lada,Niva,2020,707 000 ₽
Lada,Niva,2020,713 000 ₽
Lada,Niva Legend 3-дв.,2021,572 900 ₽
Lada,Niva Legend 3-дв.,2021,581 900 ₽
Lada,Niva Legend 3-дв.,2021,589 900 ₽
Lada,Niva Legend 3-дв.,2021,598 900 ₽
Lada,Niva Legend 3-дв.,2021,628 900 ₽
Lada,Niva Legend 3-дв.,2021,637 900 ₽
Lada,Niva Legend 3-дв.,2021,657 900 ₽
Lada,Niva Legend 5-дв.,2021,654 900 ₽
Lada,Niva Legend 5-дв.,2021,662 900 ₽
Lada,Niva Legend 5-дв.,2021,701 900 ₽
Lada,Niva Legend Urban 3-дв.,2021,648 900 ₽
Lada,Niva Legend Urban 3-дв.,2021,657 900 ₽
Lada,Niva Legend Urban 5-дв.,2021,721 900 ₽
Lada,Niva Legend Urban 5-дв.,2021,730 900 ₽
Lada,Niva Travel,2021,676 900 ₽
Lada,Niva Travel,2021,685 900 ₽
Lada,Niva Travel,2021,753 900 ₽
Lada,Niva Travel,2021,762 900 ₽
Lada,Niva Travel,2021,797 900 ₽
Lada,Niva Travel,2021,806 900 ₽
Lada,Niva Travel,2021,839 900 ₽
Lada,Niva Travel,2021,848 900 ₽
Lada,Niva Travel,2021,858 900 ₽
Lada,Niva Travel,2021,867 900 ₽
Lada,Vesta,2020,962 900 ₽
Lada,Vesta,2021,648 900 ₽
Lada,Vesta,2021,660 900 ₽
Lada,Vesta,2021,666 900 ₽
Lada,Vesta,2021,678 900 ₽
Lada,Vesta,2021,690 900 ₽
Lada,Vesta,2021,698 900 ₽
Lada,Vesta,2021,709 900 ₽
Lada,Vesta,2021,710 900 ₽
Lada,Vesta,2021,721 900 ₽
Lada,Vesta,2021,743 900 ₽
Lada,Vesta,2021,747 900 ₽
Lada,Vesta,2021,755 900 ₽
Lada,Vesta,2021,759 900 ₽
Lada,Vesta,2021,778 900 ₽
Lada,Vesta,2021,781 900 ₽
Lada,Vesta,2021,790 900 ₽
Lada,Vesta,2021,791 900 ₽
Lada,Vesta,2021,793 900 ₽
Lada,Vesta,2021,809 900 ₽
Lada,Vesta,2021,835 900 ₽
Lada,Vesta,2021,842 900 ₽
Lada,Vesta,2021,854 900 ₽
Lada,Vesta,2021,855 900 ₽
Lada,Vesta,2021,859 900 ₽
Lada,Vesta,2021,883 900 ₽
Lada,Vesta,2021,889 900 ₽
Lada,Vesta,2021,944 900 ₽
Lada,Vesta,2021,968 900 ₽
Lada,Vesta CNG,2021,730 900 ₽
Lada,Vesta CNG,2021,742 900 ₽
Lada,Vesta CNG,2021,761 900 ₽
Lada,Vesta CNG,2021,773 900 ₽
Lada,Vesta Cross,2021,841 900 ₽
Lada,Vesta Cross,2021,853 900 ₽
Lada,Vesta SW,2021,1 067 900 ₽
Lada,Vesta SW,2021,745 900 ₽
Lada,Vesta SW,2021,757 900 ₽
Lada,Vesta SW,2021,772 900 ₽
Lada,Vesta SW,2021,773 900 ₽
Lada,Vesta SW,2021,785 900 ₽
Lada,Vesta SW,2021,797 900 ₽
Lada,Vesta SW,2021,809 900 ₽
Lada,Vesta SW,2021,823 900 ₽
Lada,Vesta SW,2021,845 900 ₽
Lada,Vesta SW,2021,857 900 ₽
Lada,Vesta SW,2021,862 900 ₽
Lada,Vesta SW,2021,885 900 ₽
Lada,Vesta SW,2021,890 900 ₽
Lada,Vesta SW,2021,897 900 ₽
Lada,Vesta SW,2021,899 900 ₽
Lada,Vesta SW,2021,909 900 ₽
Lada,Vesta SW,2021,915 900 ₽
Lada,Vesta SW Cross,2021,1 041 900 ₽
Lada,Vesta SW Cross,2021,1 057 900 ₽
Lada,Vesta SW Cross,2021,1 061 900 ₽
Lada,Vesta SW Cross,2021,1 064 900 ₽
Lada,Vesta SW Cross,2021,1 076 900 ₽
Lada,Vesta SW Cross,2021,1 098 900 ₽
Lada,Vesta SW Cross,2021,1 110 900 ₽
Lada,Vesta SW Cross,2021,1 126 900 ₽
Lada,Vesta SW Cross,2021,860 900 ₽
Lada,Vesta SW Cross,2021,872 900 ₽
Lada,Vesta SW Cross,2021,885 900 ₽
Lada,Vesta SW Cross,2021,897 900 ₽
Lada,Vesta SW Cross,2021,917 900 ₽
Lada,Vesta SW Cross,2021,939 900 ₽
Lada,Vesta SW Cross,2021,950 900 ₽
Lada,Vesta SW Cross,2021,951 900 ₽
Lada,Vesta SW Cross,2021,962 900 ₽
Lada,Vesta SW Cross,2021,984 900 ₽
Lada,Vesta SW Cross,2021,996 900 ₽
Lada,Vesta SW Cross,2021,999 900 ₽
Lada,Vesta Sport,2021,1 132 900 ₽
Lada,XRAY,2021,630 900 ₽
Lada,XRAY,2021,642 900 ₽
Lada,XRAY,2021,711 900 ₽
Lada,XRAY,2021,723 900 ₽
Lada,XRAY,2021,741 900 ₽
Lada,XRAY,2021,753 900 ₽
Lada,XRAY,2021,778 900 ₽
Lada,XRAY,2021,785 900 ₽
Lada,XRAY,2021,931 900 ₽
Lada,XRAY Cross,2021,1 034 900 ₽
Lada,XRAY Cross,2021,1 047 900 ₽
Lada,XRAY Cross,2021,1 059 900 ₽
Lada,XRAY Cross,2021,733 900 ₽
Lada,XRAY Cross,2021,745 900 ₽
Lada,XRAY Cross,2021,853 900 ₽
Lada,XRAY Cross,2021,870 900 ₽
Lada,ВИС 23490 рефрижератор,2021,1 003 000 ₽
Lada,ВИС 275100 фургон,2021,882 900 ₽
Mitsubishi,ASX NEW,2020,1 312 000 ₽
Mitsubishi,ASX NEW,2020,1 385 000 ₽
Mitsubishi,ASX NEW,2021,1 332 000 ₽
Mitsubishi,ASX NEW,2021,1 351 000 ₽
Mitsubishi,ASX NEW,2021,1 354 000 ₽
Mitsubishi,ASX NEW,2021,1 402 000 ₽
Mitsubishi,ASX NEW,2021,1 405 000 ₽
Mitsubishi,ASX NEW,2021,1 807 000 ₽
Mitsubishi,ASX NEW,2021,1 941 000 ₽
Mitsubishi,Eclipse Cross NEW,2021,2 213 000 ₽
Mitsubishi,Eclipse Cross NEW,2021,2 519 000 ₽
Mitsubishi,Outlander,2021,1 706 500 ₽
Mitsubishi,Outlander,2021,1 816 500 ₽
Mitsubishi,Outlander,2021,1 830 000 ₽
Mitsubishi,Outlander,2021,1 836 500 ₽
Mitsubishi,Outlander,2021,1 940 000 ₽
Mitsubishi,Outlander,2021,1 999 000 ₽
Mitsubishi,Outlander,2021,2 259 000 ₽
Mitsubishi,Outlander,2021,2 280 000 ₽
Mitsubishi,Pajero Sport NEW,2021,3 029 000 ₽
Mitsubishi,Pajero Sport NEW,2021,3 057 000 ₽
Mitsubishi,Pajero Sport NEW,2021,3 377 000 ₽
Mitsubishi,Pajero Sport NEW,2021,3 677 000 ₽
Mitsubishi,l200,2021,2 320 000 ₽
Mitsubishi,l200,2021,2 454 000 ₽
Mitsubishi,l200,2021,2 480 000 ₽
Peugeot,2008,2021,1 929 000 ₽
Peugeot,2008,2021,1 989 000 ₽
Peugeot,2008,2021,2 069 000 ₽
Peugeot,2008,2021,2 129 000 ₽
Peugeot,2008,2021,2 134 000 ₽
Peugeot,2008,2021,2 204 000 ₽
Peugeot,3008 NEW,2021,2 284 000 ₽
Peugeot,3008 NEW,2021,2 379 000 ₽
Peugeot,3008 NEW,2021,2 384 000 ₽
Peugeot,3008 NEW,2021,2 444 000 ₽
Peugeot,408,2021,1 211 000 ₽
Peugeot,5008 NEW,2021,2 614 000 ₽
Peugeot,Boxer,2020,2 116 900 ₽
Peugeot,Boxer,2021,2 296 800 ₽
Peugeot,Boxer,2021,2 301 900 ₽
Peugeot,Boxer,2021,2 308 900 ₽
Peugeot,Boxer,2021,2 313 800 ₽
Peugeot,Boxer,2021,2 318 900 ₽
Peugeot,Boxer,2021,2 341 900 ₽
Peugeot,Boxer,2021,2 346 800 ₽
Peugeot,Boxer,2021,2 351 900 ₽
Peugeot,Boxer,2021,2 358 900 ₽
Peugeot,Boxer Изотермический шасси,2021,2 728 700 ₽
Peugeot,Boxer Изотермический шасси,2021,2 740 800 ₽
Peugeot,Expert,2021,1 706 900 ₽
Peugeot,Expert,2021,1 856 900 ₽
Peugeot,Expert,2021,1 899 900 ₽
Peugeot,Expert,2021,1 906 900 ₽
Peugeot,Expert,2021,1 986 900 ₽
Peugeot,Expert H2,2021,2 091 900 ₽
Peugeot,Expert Profi,2020,2 044 900 ₽
Peugeot,Expert Profi,2021,2 301 900 ₽
Peugeot,Partner,2021,1 139 000 ₽
Peugeot,Partner,2021,1 159 000 ₽
Peugeot,Partner,2021,1 181 000 ₽
Peugeot,Partner,2021,1 249 000 ₽
Peugeot,Partner Crossway,2021,1 145 000 ₽
Peugeot,Partner Crossway,2021,1 207 000 ₽
Peugeot,Partner Crossway,2021,1 282 000 ₽
Peugeot,Traveller,2020,2 969 900 ₽
Peugeot,Traveller,2021,2 329 900 ₽
Peugeot,Traveller,2021,2 369 900 ₽
Peugeot,Traveller,2021,2 379 900 ₽
Peugeot,Traveller,2021,2 419 900 ₽
Peugeot,Traveller,2021,2 479 900 ₽
Peugeot,Traveller,2021,2 519 900 ₽
Peugeot,Traveller,2021,3 169 900 ₽
Peugeot,Traveller,2021,3 209 900 ₽
Renault,Arkana,2021,1 262 000 ₽
Renault,Arkana,2021,1 280 000 ₽
Renault,Arkana,2021,1 376 000 ₽
Renault,Arkana,2021,1 383 000 ₽
Renault,Arkana,2021,1 387 000 ₽
Renault,Arkana,2021,1 392 000 ₽
Renault,Arkana,2021,1 407 000 ₽
Renault,Arkana,2021,1 408 000 ₽
Renault,Arkana,2021,1 423 000 ₽
Renault,Arkana,2021,1 427 000 ₽
Renault,Arkana,2021,1 432 000 ₽
Renault,Arkana,2021,1 443 000 ₽
Renault,Arkana,2021,1 448 000 ₽
Renault,Arkana,2021,1 474 000 ₽
Renault,Arkana,2021,1 489 000 ₽
Renault,Arkana,2021,1 502 000 ₽
Renault,Arkana,2021,1 558 000 ₽
Renault,Arkana,2021,1 564 000 ₽
Renault,Arkana,2021,1 594 000 ₽
Renault,Arkana,2021,1 599 000 ₽
Renault,Arkana,2021,1 620 000 ₽
Renault,Arkana,2021,1 622 000 ₽
Renault,Arkana,2021,1 638 000 ₽
Renault,Arkana,2021,1 644 000 ₽
Renault,Arkana,2021,1 652 000 ₽
Renault,Arkana,2021,1 660 000 ₽
Renault,Arkana,2021,1 668 000 ₽
Renault,Arkana,2021,1 688 000 ₽
Renault,Arkana,2021,1 710 000 ₽
Renault,Arkana,2021,1 725 000 ₽
Renault,Arkana,2021,1 748 000 ₽
Renault,Arkana,2021,1 753 000 ₽
Renault,Arkana,2021,1 763 000 ₽
Renault,Arkana,2021,1 768 000 ₽
Renault,Arkana,2021,1 775 000 ₽
Renault,Arkana,2021,1 790 000 ₽
Renault,Duster NEW,2021,1 064 000 ₽
Renault,Duster NEW,2021,1 080 000 ₽
Renault,Duster NEW,2021,1 149 000 ₽
Renault,Duster NEW,2021,1 165 000 ₽
Renault,Duster NEW,2021,1 192 000 ₽
Renault,Duster NEW,2021,1 219 000 ₽
Renault,Duster NEW,2021,1 229 000 ₽
Renault,Duster NEW,2021,1 235 000 ₽
Renault,Duster NEW,2021,1 245 000 ₽
Renault,Duster NEW,2021,1 247 000 ₽
Renault,Duster NEW,2021,1 250 000 ₽
Renault,Duster NEW,2021,1 253 000 ₽
Renault,Duster NEW,2021,1 257 000 ₽
Renault,Duster NEW,2021,1 263 000 ₽
Renault,Duster NEW,2021,1 269 000 ₽
Renault,Duster NEW,2021,1 309 000 ₽
Renault,Duster NEW,2021,1 315 000 ₽
Renault,Duster NEW,2021,1 319 000 ₽
Renault,Duster NEW,2021,1 325 000 ₽
Renault,Duster NEW,2021,1 333 000 ₽
Renault,Duster NEW,2021,1 335 000 ₽
Renault,Duster NEW,2021,1 340 000 ₽
Renault,Duster NEW,2021,1 343 000 ₽
Renault,Duster NEW,2021,1 345 000 ₽
Renault,Duster NEW,2021,1 353 000 ₽
Renault,Duster NEW,2021,1 359 000 ₽
Renault,Duster NEW,2021,1 365 000 ₽
Renault,Duster NEW,2021,1 373 000 ₽
Renault,Duster NEW,2021,1 375 000 ₽
Renault,Duster NEW,2021,1 385 000 ₽
Renault,Duster NEW,2021,1 389 000 ₽
Renault,Duster NEW,2021,1 390 000 ₽
Renault,Duster NEW,2021,1 395 000 ₽
Renault,Duster NEW,2021,1 399 000 ₽
Renault,Duster NEW,2021,1 400 000 ₽
Renault,Duster NEW,2021,1 405 000 ₽
Renault,Duster NEW,2021,1 414 000 ₽
Renault,Duster NEW,2021,1 415 000 ₽
Renault,Duster NEW,2021,1 417 000 ₽
Renault,Duster NEW,2021,1 424 000 ₽
Renault,Duster NEW,2021,1 425 000 ₽
Renault,Duster NEW,2021,1 429 000 ₽
Renault,Duster NEW,2021,1 433 000 ₽
Renault,Duster NEW,2021,1 444 000 ₽
Renault,Duster NEW,2021,1 455 000 ₽
Renault,Duster NEW,2021,1 469 000 ₽
Renault,Duster NEW,2021,1 475 000 ₽
Renault,Duster NEW,2021,1 484 000 ₽
Renault,Duster NEW,2021,1 485 000 ₽
Renault,Duster NEW,2021,1 489 000 ₽
Renault,Duster NEW,2021,1 490 000 ₽
Renault,Duster NEW,2021,969 000 ₽
Renault,Duster NEW,2021,985 000 ₽
Renault,Kaptur,2021,1 166 000 ₽
Renault,Kaptur,2021,1 175 000 ₽
Renault,Kaptur,2021,1 216 000 ₽
Renault,Kaptur,2021,1 232 000 ₽
Renault,Kaptur,2021,1 248 000 ₽
Renault,Kaptur,2021,1 287 000 ₽
Renault,Kaptur,2021,1 303 000 ₽
Renault,Kaptur,2021,1 306 000 ₽
Renault,Kaptur,2021,1 360 000 ₽
Renault,Kaptur,2021,1 376 000 ₽
Renault,Kaptur,2021,1 387 000 ₽
Renault,Kaptur,2021,1 403 000 ₽
Renault,Kaptur,2021,1 423 000 ₽
Renault,Kaptur,2021,1 429 000 ₽
Renault,Kaptur,2021,1 457 000 ₽
Renault,Kaptur,2021,1 470 000 ₽
Renault,Kaptur,2021,1 486 000 ₽
Renault,Kaptur,2021,1 497 000 ₽
Renault,Kaptur,2021,1 513 000 ₽
Renault,Kaptur,2021,1 543 000 ₽
Renault,Kaptur,2021,1 550 000 ₽
Renault,Kaptur,2021,1 559 000 ₽
Renault,Kaptur,2021,1 566 000 ₽
Renault,Kaptur,2021,1 577 000 ₽
Renault,Kaptur,2021,1 593 000 ₽
Renault,Kaptur,2021,1 623 000 ₽
Renault,Kaptur,2021,1 638 000 ₽
Renault,Kaptur,2021,1 639 000 ₽
Renault,Logan,2021,667 000 ₽
Renault,Logan,2021,775 000 ₽
Renault,Logan,2021,778 000 ₽
Renault,Logan,2021,790 000 ₽
Renault,Logan,2021,793 000 ₽
Renault,Logan,2021,796 000 ₽
Renault,Logan,2021,803 000 ₽
Renault,Logan,2021,826 000 ₽
Renault,Logan,2021,865 000 ₽
Renault,Logan Stepway,2021,803 000 ₽
Renault,Logan Stepway,2021,813 000 ₽
Renault,Logan Stepway,2021,822 000 ₽
Renault,Logan Stepway,2021,842 000 ₽
Renault,Logan Stepway,2021,843 000 ₽
Renault,Logan Stepway,2021,893 000 ₽
Renault,Logan Stepway,2021,903 000 ₽
Renault,Logan Stepway,2021,908 000 ₽
Renault,Logan Stepway,2021,914 000 ₽
Renault,Logan Stepway,2021,927 000 ₽
Renault,Logan Stepway,2021,964 000 ₽
Renault,Master,2021,2 305 000 ₽
Renault,Master,2021,2 347 000 ₽
Renault,Master,2021,2 397 000 ₽
Renault,Master,2021,2 413 000 ₽
Renault,Master,2021,2 434 000 ₽
Renault,Master,2021,2 484 000 ₽
Renault,Master,2021,2 485 000 ₽
Renault,Master,2021,2 487 000 ₽
Renault,Master,2021,2 503 000 ₽
Renault,Master,2021,2 521 000 ₽
Renault,Master,2021,2 523 000 ₽
Renault,Master,2021,2 570 000 ₽
Renault,Sandero,2021,778 000 ₽
Renault,Sandero,2021,790 000 ₽
Renault,Sandero Stepway,2021,1 016 000 ₽
Renault,Sandero Stepway,2021,1 031 000 ₽
Renault,Sandero Stepway,2021,833 000 ₽
Renault,Sandero Stepway,2021,842 000 ₽
Renault,Sandero Stepway,2021,843 000 ₽
Renault,Sandero Stepway,2021,852 000 ₽
Renault,Sandero Stepway,2021,903 000 ₽
Renault,Sandero Stepway,2021,916 000 ₽
Renault,Sandero Stepway,2021,952 000 ₽
Renault,Sandero Stepway,2021,956 000 ₽
Renault,Sandero Stepway,2021,967 000 ₽
Renault,Sandero Stepway,2021,976 000 ₽
Suzuki,Jimny,2020,1 479 000 ₽
Suzuki,Jimny,2021,1 709 990 ₽
Suzuki,Jimny,2021,1 769 990 ₽
Suzuki,Jimny,2021,1 785 990 ₽
Suzuki,Jimny,2021,1 919 990 ₽
Suzuki,Jimny,2021,1 935 990 ₽
Suzuki,SX4,2021,1 359 990 ₽
Suzuki,SX4,2021,1 439 000 ₽
Suzuki,SX4,2021,1 459 990 ₽
Suzuki,SX4,2021,1 569 990 ₽
Suzuki,SX4,2021,1 609 990 ₽
Suzuki,SX4,2021,1 809 990 ₽
Suzuki,Vitara,2021,1 219 000 ₽
Suzuki,Vitara,2021,1 239 990 ₽
Suzuki,Vitara,2021,1 339 990 ₽
Suzuki,Vitara,2021,1 489 990 ₽
Suzuki,Vitara,2021,1 505 990 ₽
Suzuki,Vitara,2021,1 509 000 ₽
Suzuki,Vitara,2021,1 529 990 ₽
Suzuki,Vitara,2021,1 545 990 ₽
Suzuki,Vitara,2021,1 589 990 ₽
Suzuki,Vitara,2021,1 605 990 ₽
Suzuki,Vitara,2021,1 729 990 ₽
Suzuki,Vitara,2021,1 745 990 ₽
Suzuki,Vitara,2021,1 805 000 ₽
Уаз,Автобус (2206),2021,840 000 ₽
Уаз,Автобус (2206),2021,880 900 ₽
Уаз,Бортовой автомобиль (3303),2021,772 000 ₽
Уаз,Комби (3909),2021,780 000 ₽
Уаз,Комби (3909),2021,820 900 ₽
Уаз,Комби (3909),2021,823 900 ₽
Уаз,Остекленный фургон (3741),2021,785 000 ₽
Уаз,Остекленный фургон (3741),2021,825 900 ₽
Уаз,Патриот New,2019,1 071 200 ₽
Уаз,Патриот New,2021,1 065 000 ₽
Уаз,Патриот New,2021,1 079 000 ₽
Уаз,Патриот New,2021,1 105 900 ₽
Уаз,Патриот New,2021,1 119 900 ₽
Уаз,Патриот New,2021,1 174 900 ₽
Уаз,Патриот New,2021,1 184 000 ₽
Уаз,Патриот New,2021,1 224 900 ₽
Уаз,Патриот New,2021,1 264 000 ₽
Уаз,Патриот New,2021,1 290 900 ₽
Уаз,Патриот New,2021,1 304 900 ₽
Уаз,Патриот New,2021,1 319 000 ₽
Уаз,Патриот New,2021,1 335 000 ₽
Уаз,Патриот New,2021,1 345 900 ₽
Уаз,Патриот New,2021,1 359 900 ₽
Уаз,Патриот New,2021,1 375 900 ₽
Уаз,Патриот New,2021,1 385 000 ₽
Уаз,Патриот New,2021,1 389 900 ₽
Уаз,Патриот New,2021,858 000 ₽
Уаз,Патриот New,2021,883 900 ₽
Уаз,Патриот New,2021,898 900 ₽
Уаз,Патриот New,2021,964 000 ₽
Уаз,Пикап New,2021,1 158 000 ₽
Уаз,Пикап New,2021,1 172 000 ₽
Уаз,Пикап New,2021,1 293 000 ₽
Уаз,Пикап New,2021,1 307 000 ₽
Уаз,Пикап New,2021,1 377 000 ₽
Уаз,Пикап New,2021,981 000 ₽
Уаз,Профи Двойная кабина,2021,999 500 ₽
Уаз,Санитарный автомобиль для медслужб (39629),2021,805 000 ₽
Уаз,Фермер (39094),2021,859 900 ₽
Уаз,Хантер,2021,844 500 ₽
Уаз,Хантер,2021,885 400 ₽
